Id,Title,Category,EnabledByDefault,DefaultSeverity,StyleCopHasFix,HelpLink
"SA0001","XML comment analysis disabled","SpecialRules",True,Warning,False,"https://github.com/DotNetAnalyzers/StyleCopAnalyzers/blob/master/documentation/SA0001.md"
"SA0002","Invalid settings file","SpecialRules",True,Warning,False,"https://github.com/DotNetAnalyzers/StyleCopAnalyzers/blob/master/documentation/SA0002.md"
"SA1000","Keywords should be spaced correctly","SpacingRules",True,Warning,True,"https://github.com/DotNetAnalyzers/StyleCopAnalyzers/blob/master/documentation/SA1000.md"
"SA1001","Commas should be spaced correctly","SpacingRules",True,Warning,True,"https://github.com/DotNetAnalyzers/StyleCopAnalyzers/blob/master/documentation/SA1001.md"
"SA1002","Semicolons should be spaced correctly","SpacingRules",True,Warning,True,"https://github.com/DotNetAnalyzers/StyleCopAnalyzers/blob/master/documentation/SA1002.md"
"SA1003","Symbols should be spaced correctly","SpacingRules",True,Warning,True,"https://github.com/DotNetAnalyzers/StyleCopAnalyzers/blob/master/documentation/SA1003.md"
"SA1004","Documentation lines should begin with single space","SpacingRules",True,Warning,True,"https://github.com/DotNetAnalyzers/StyleCopAnalyzers/blob/master/documentation/SA1004.md"
"SA1005","Single line comments should begin with single space","SpacingRules",True,Warning,True,"https://github.com/DotNetAnalyzers/StyleCopAnalyzers/blob/master/documentation/SA1005.md"
"SA1006","Preprocessor keywords should not be preceded by space","SpacingRules",True,Warning,True,"https://github.com/DotNetAnalyzers/StyleCopAnalyzers/blob/master/documentation/SA1006.md"
"SA1007","Operator keyword should be followed by space","SpacingRules",True,Warning,True,"https://github.com/DotNetAnalyzers/StyleCopAnalyzers/blob/master/documentation/SA1007.md"
"SA1008","Opening parenthesis should be spaced correctly","SpacingRules",True,Warning,True,"https://github.com/DotNetAnalyzers/StyleCopAnalyzers/blob/master/documentation/SA1008.md"
"SA1009","Closing parenthesis should be spaced correctly","SpacingRules",True,Warning,True,"https://github.com/DotNetAnalyzers/StyleCopAnalyzers/blob/master/documentation/SA1009.md"
"SA1010","Opening square brackets should be spaced correctly","SpacingRules",True,Warning,True,"https://github.com/DotNetAnalyzers/StyleCopAnalyzers/blob/master/documentation/SA1010.md"
"SA1011","Closing square brackets should be spaced correctly","SpacingRules",True,Warning,True,"https://github.com/DotNetAnalyzers/StyleCopAnalyzers/blob/master/documentation/SA1011.md"
"SA1012","Opening braces should be spaced correctly","SpacingRules",True,Warning,True,"https://github.com/DotNetAnalyzers/StyleCopAnalyzers/blob/master/documentation/SA1012.md"
"SA1013","Closing braces should be spaced correctly","SpacingRules",True,Warning,True,"https://github.com/DotNetAnalyzers/StyleCopAnalyzers/blob/master/documentation/SA1013.md"
"SA1014","Opening generic brackets should be spaced correctly","SpacingRules",True,Warning,True,"https://github.com/DotNetAnalyzers/StyleCopAnalyzers/blob/master/documentation/SA1014.md"
"SA1015","Closing generic brackets should be spaced correctly","SpacingRules",True,Warning,True,"https://github.com/DotNetAnalyzers/StyleCopAnalyzers/blob/master/documentation/SA1015.md"
"SA1016","Opening attribute brackets should be spaced correctly","SpacingRules",True,Warning,True,"https://github.com/DotNetAnalyzers/StyleCopAnalyzers/blob/master/documentation/SA1016.md"
"SA1017","Closing attribute brackets should be spaced correctly","SpacingRules",True,Warning,True,"https://github.com/DotNetAnalyzers/StyleCopAnalyzers/blob/master/documentation/SA1017.md"
"SA1018","Nullable type symbols should be spaced correctly","SpacingRules",True,Warning,True,"https://github.com/DotNetAnalyzers/StyleCopAnalyzers/blob/master/documentation/SA1018.md"
"SA1019","Member access symbols should be spaced correctly","SpacingRules",True,Warning,True,"https://github.com/DotNetAnalyzers/StyleCopAnalyzers/blob/master/documentation/SA1019.md"
"SA1020","Increment decrement symbols should be spaced correctly","SpacingRules",True,Warning,True,"https://github.com/DotNetAnalyzers/StyleCopAnalyzers/blob/master/documentation/SA1020.md"
"SA1021","Negative signs should be spaced correctly","SpacingRules",True,Warning,True,"https://github.com/DotNetAnalyzers/StyleCopAnalyzers/blob/master/documentation/SA1021.md"
"SA1022","Positive signs should be spaced correctly","SpacingRules",True,Warning,True,"https://github.com/DotNetAnalyzers/StyleCopAnalyzers/blob/master/documentation/SA1022.md"
"SA1023","Dereference and access of symbols should be spaced correctly","SpacingRules",True,Warning,True,"https://github.com/DotNetAnalyzers/StyleCopAnalyzers/blob/master/documentation/SA1023.md"
"SA1024","Colons Should Be Spaced Correctly","SpacingRules",True,Warning,True,"https://github.com/DotNetAnalyzers/StyleCopAnalyzers/blob/master/documentation/SA1024.md"
"SA1025","Code should not contain multiple whitespace in a row","SpacingRules",True,Warning,True,"https://github.com/DotNetAnalyzers/StyleCopAnalyzers/blob/master/documentation/SA1025.md"
"SA1026","Code should not contain space after new or stackalloc keyword in implicitly typed array allocation","SpacingRules",True,Warning,True,"https://github.com/DotNetAnalyzers/StyleCopAnalyzers/blob/master/documentation/SA1026.md"
"SA1027","Use tabs correctly","SpacingRules",True,Warning,True,"https://github.com/DotNetAnalyzers/StyleCopAnalyzers/blob/master/documentation/SA1027.md"
"SA1028","Code should not contain trailing whitespace","SpacingRules",True,Warning,True,"https://github.com/DotNetAnalyzers/StyleCopAnalyzers/blob/master/documentation/SA1028.md"
"SA1100","Do not prefix calls with base unless local implementation exists","ReadabilityRules",True,Warning,True,"https://github.com/DotNetAnalyzers/StyleCopAnalyzers/blob/master/documentation/SA1100.md"
"SA1101","Prefix local calls with this","ReadabilityRules",True,Warning,True,"https://github.com/DotNetAnalyzers/StyleCopAnalyzers/blob/master/documentation/SA1101.md"
"SA1102","Query clause should follow previous clause","ReadabilityRules",True,Warning,True,"https://github.com/DotNetAnalyzers/StyleCopAnalyzers/blob/master/documentation/SA1102.md"
"SA1103","Query clauses should be on separate lines or all on one line","ReadabilityRules",True,Warning,True,"https://github.com/DotNetAnalyzers/StyleCopAnalyzers/blob/master/documentation/SA1103.md"
"SA1104","Query clause should begin on new line when previous clause spans multiple lines","ReadabilityRules",True,Warning,True,"https://github.com/DotNetAnalyzers/StyleCopAnalyzers/blob/master/documentation/SA1104.md"
"SA1105","Query clauses spanning multiple lines should begin on own line","ReadabilityRules",True,Warning,True,"https://github.com/DotNetAnalyzers/StyleCopAnalyzers/blob/master/documentation/SA1105.md"
"SA1106","Code should not contain empty statements","ReadabilityRules",True,Warning,True,"https://github.com/DotNetAnalyzers/StyleCopAnalyzers/blob/master/documentation/SA1106.md"
"SA1107","Code should not contain multiple statements on one line","ReadabilityRules",True,Warning,True,"https://github.com/DotNetAnalyzers/StyleCopAnalyzers/blob/master/documentation/SA1107.md"
"SA1108","Block statements should not contain embedded comments","ReadabilityRules",True,Warning,False,"https://github.com/DotNetAnalyzers/StyleCopAnalyzers/blob/master/documentation/SA1108.md"
"SA1109","Block statements should not contain embedded regions","ReadabilityRules",False,Warning,False,"https://github.com/DotNetAnalyzers/StyleCopAnalyzers/blob/master/documentation/SA1109.md"
"SA1110","Opening parenthesis or bracket should be on declaration line","ReadabilityRules",True,Warning,True,"https://github.com/DotNetAnalyzers/StyleCopAnalyzers/blob/master/documentation/SA1110.md"
"SA1111","Closing parenthesis should be on line of last parameter","ReadabilityRules",True,Warning,True,"https://github.com/DotNetAnalyzers/StyleCopAnalyzers/blob/master/documentation/SA1111.md"
"SA1112","Closing parenthesis should be on line of opening parenthesis","ReadabilityRules",True,Warning,True,"https://github.com/DotNetAnalyzers/StyleCopAnalyzers/blob/master/documentation/SA1112.md"
"SA1113","Comma should be on the same line as previous parameter","ReadabilityRules",True,Warning,True,"https://github.com/DotNetAnalyzers/StyleCopAnalyzers/blob/master/documentation/SA1113.md"
"SA1114","Parameter list should follow declaration","ReadabilityRules",True,Warning,False,"https://github.com/DotNetAnalyzers/StyleCopAnalyzers/blob/master/documentation/SA1114.md"
"SA1115","Parameter should follow comma","ReadabilityRules",True,Warning,False,"https://github.com/DotNetAnalyzers/StyleCopAnalyzers/blob/master/documentation/SA1115.md"
"SA1116","Split parameters should start on line after declaration","ReadabilityRules",True,Warning,True,"https://github.com/DotNetAnalyzers/StyleCopAnalyzers/blob/master/documentation/SA1116.md"
"SA1117","Parameters should be on same line or separate lines","ReadabilityRules",True,Warning,False,"https://github.com/DotNetAnalyzers/StyleCopAnalyzers/blob/master/documentation/SA1117.md"
"SA1118","Parameter should not span multiple lines","ReadabilityRules",True,Warning,False,"https://github.com/DotNetAnalyzers/StyleCopAnalyzers/blob/master/documentation/SA1118.md"
"SA1119","Statement should not use unnecessary parenthesis","MaintainabilityRules",True,Warning,True,"https://github.com/DotNetAnalyzers/StyleCopAnalyzers/blob/master/documentation/SA1119.md"
"SA1119_p","Statement should not use unnecessary parenthesis","MaintainabilityRules",True,Hidden,True,"https://github.com/DotNetAnalyzers/StyleCopAnalyzers/blob/master/documentation/SA1119.md"
"SA1120","Comments should contain text","ReadabilityRules",True,Warning,True,"https://github.com/DotNetAnalyzers/StyleCopAnalyzers/blob/master/documentation/SA1120.md"
"SA1121","Use built-in type alias","ReadabilityRules",True,Warning,True,"https://github.com/DotNetAnalyzers/StyleCopAnalyzers/blob/master/documentation/SA1121.md"
"SA1122","Use string.Empty for empty strings","ReadabilityRules",True,Warning,True,"https://github.com/DotNetAnalyzers/StyleCopAnalyzers/blob/master/documentation/SA1122.md"
"SA1123","Do not place regions within elements","ReadabilityRules",True,Warning,True,"https://github.com/DotNetAnalyzers/StyleCopAnalyzers/blob/master/documentation/SA1123.md"
"SA1124","Do not use regions","ReadabilityRules",True,Warning,True,"https://github.com/DotNetAnalyzers/StyleCopAnalyzers/blob/master/documentation/SA1124.md"
"SA1125","Use shorthand for nullable types","ReadabilityRules",True,Warning,False,"https://github.com/DotNetAnalyzers/StyleCopAnalyzers/blob/master/documentation/SA1125.md"
"SA1126","Prefix calls correctly","ReadabilityRules",False,Warning,False,"https://github.com/DotNetAnalyzers/StyleCopAnalyzers/blob/master/documentation/SA1126.md"
"SA1127","Generic type constraints should be on their own line","ReadabilityRules",True,Warning,True,"https://github.com/DotNetAnalyzers/StyleCopAnalyzers/blob/master/documentation/SA1127.md"
"SA1128","Put constructor initializers on their own line","ReadabilityRules",True,Warning,True,"https://github.com/DotNetAnalyzers/StyleCopAnalyzers/blob/master/documentation/SA1128.md"
"SA1129","Do not use default value type constructor","ReadabilityRules",True,Warning,True,"https://github.com/DotNetAnalyzers/StyleCopAnalyzers/blob/master/documentation/SA1129.md"
"SA1130","Use lambda syntax","ReadabilityRules",True,Warning,True,"https://github.com/DotNetAnalyzers/StyleCopAnalyzers/blob/master/documentation/SA1130.md"
"SA1131","Use readable conditions","ReadabilityRules",True,Warning,True,"https://github.com/DotNetAnalyzers/StyleCopAnalyzers/blob/master/documentation/SA1131.md"
"SA1132","Do not combine fields","ReadabilityRules",True,Warning,True,"https://github.com/DotNetAnalyzers/StyleCopAnalyzers/blob/master/documentation/SA1132.md"
"SA1133","Do not combine attributes","ReadabilityRules",True,Warning,True,"https://github.com/DotNetAnalyzers/StyleCopAnalyzers/blob/master/documentation/SA1133.md"
"SA1134","Attributes should not share line","ReadabilityRules",True,Warning,True,"https://github.com/DotNetAnalyzers/StyleCopAnalyzers/blob/master/documentation/SA1134.md"
"SA1135","Using directives should be qualified","ReadabilityRules",True,Warning,True,"https://github.com/DotNetAnalyzers/StyleCopAnalyzers/blob/master/documentation/SA1135.md"
"SA1136","Enum values should be on separate lines","ReadabilityRules",True,Warning,True,"https://github.com/DotNetAnalyzers/StyleCopAnalyzers/blob/master/documentation/SA1136.md"
"SA1137","Elements should have the same indentation","ReadabilityRules",True,Warning,True,"https://github.com/DotNetAnalyzers/StyleCopAnalyzers/blob/master/documentation/SA1137.md"
"SA1139","Use literal suffix notation instead of casting","ReadabilityRules",True,Warning,True,"https://github.com/DotNetAnalyzers/StyleCopAnalyzers/blob/master/documentation/SA1139.md"
"SA1141","Use tuple syntax","ReadabilityRules",True,Warning,True,"https://github.com/DotNetAnalyzers/StyleCopAnalyzers/blob/master/documentation/SA1141.md"
"SA1142","Refer to tuple fields by name","ReadabilityRules",True,Warning,True,"https://github.com/DotNetAnalyzers/StyleCopAnalyzers/blob/master/documentation/SA1142.md"
"SA1200","Using directives should be placed correctly","OrderingRules",True,Warning,True,"https://github.com/DotNetAnalyzers/StyleCopAnalyzers/blob/master/documentation/SA1200.md"
"SA1201","Elements should appear in the correct order","OrderingRules",True,Warning,True,"https://github.com/DotNetAnalyzers/StyleCopAnalyzers/blob/master/documentation/SA1201.md"
"SA1202","Elements should be ordered by access","OrderingRules",True,Warning,True,"https://github.com/DotNetAnalyzers/StyleCopAnalyzers/blob/master/documentation/SA1202.md"
"SA1203","Constants should appear before fields","OrderingRules",True,Warning,True,"https://github.com/DotNetAnalyzers/StyleCopAnalyzers/blob/master/documentation/SA1203.md"
"SA1204","Static elements should appear before instance elements","OrderingRules",True,Warning,True,"https://github.com/DotNetAnalyzers/StyleCopAnalyzers/blob/master/documentation/SA1204.md"
"SA1205","Partial elements should declare access","OrderingRules",True,Warning,True,"https://github.com/DotNetAnalyzers/StyleCopAnalyzers/blob/master/documentation/SA1205.md"
"SA1206","Declaration keywords should follow order","OrderingRules",True,Warning,True,"https://github.com/DotNetAnalyzers/StyleCopAnalyzers/blob/master/documentation/SA1206.md"
"SA1207","Protected should come before internal","OrderingRules",True,Warning,True,"https://github.com/DotNetAnalyzers/StyleCopAnalyzers/blob/master/documentation/SA1207.md"
"SA1208","System using directives should be placed before other using directives","OrderingRules",True,Warning,True,"https://github.com/DotNetAnalyzers/StyleCopAnalyzers/blob/master/documentation/SA1208.md"
"SA1209","Using alias directives should be placed after other using directives","OrderingRules",True,Warning,True,"https://github.com/DotNetAnalyzers/StyleCopAnalyzers/blob/master/documentation/SA1209.md"
"SA1210","Using directives should be ordered alphabetically by namespace","OrderingRules",True,Warning,True,"https://github.com/DotNetAnalyzers/StyleCopAnalyzers/blob/master/documentation/SA1210.md"
"SA1211","Using alias directives should be ordered alphabetically by alias name","OrderingRules",True,Warning,True,"https://github.com/DotNetAnalyzers/StyleCopAnalyzers/blob/master/documentation/SA1211.md"
"SA1212","Property accessors should follow order","OrderingRules",True,Warning,True,"https://github.com/DotNetAnalyzers/StyleCopAnalyzers/blob/master/documentation/SA1212.md"
"SA1213","Event accessors should follow order","OrderingRules",True,Warning,True,"https://github.com/DotNetAnalyzers/StyleCopAnalyzers/blob/master/documentation/SA1213.md"
"SA1214","Readonly fields should appear before non-readonly fields","OrderingRules",True,Warning,True,"https://github.com/DotNetAnalyzers/StyleCopAnalyzers/blob/master/documentation/SA1214.md"
"SA1216","Using static directives should be placed at the correct location","OrderingRules",True,Warning,True,"https://github.com/DotNetAnalyzers/StyleCopAnalyzers/blob/master/documentation/SA1216.md"
"SA1217","Using static directives should be ordered alphabetically","OrderingRules",True,Warning,True,"https://github.com/DotNetAnalyzers/StyleCopAnalyzers/blob/master/documentation/SA1217.md"
"SA1300","Element should begin with upper-case letter","NamingRules",True,Warning,True,"https://github.com/DotNetAnalyzers/StyleCopAnalyzers/blob/master/documentation/SA1300.md"
"SA1301","Element should begin with lower-case letter","NamingRules",False,Warning,False,"https://github.com/DotNetAnalyzers/StyleCopAnalyzers/blob/master/documentation/SA1301.md"
"SA1302","Interface names should begin with I","NamingRules",True,Warning,True,"https://github.com/DotNetAnalyzers/StyleCopAnalyzers/blob/master/documentation/SA1302.md"
"SA1303","Const field names should begin with upper-case letter","NamingRules",True,Warning,True,"https://github.com/DotNetAnalyzers/StyleCopAnalyzers/blob/master/documentation/SA1303.md"
"SA1304","Non-private readonly fields should begin with upper-case letter","NamingRules",True,Warning,True,"https://github.com/DotNetAnalyzers/StyleCopAnalyzers/blob/master/documentation/SA1304.md"
"SA1305","Field names should not use Hungarian notation","NamingRules",False,Warning,False,"https://github.com/DotNetAnalyzers/StyleCopAnalyzers/blob/master/documentation/SA1305.md"
"SA1306","Field names should begin with lower-case letter","NamingRules",True,Warning,True,"https://github.com/DotNetAnalyzers/StyleCopAnalyzers/blob/master/documentation/SA1306.md"
"SA1307","Accessible fields should begin with upper-case letter","NamingRules",True,Warning,True,"https://github.com/DotNetAnalyzers/StyleCopAnalyzers/blob/master/documentation/SA1307.md"
"SA1308","Variable names should not be prefixed","NamingRules",True,Warning,True,"https://github.com/DotNetAnalyzers/StyleCopAnalyzers/blob/master/documentation/SA1308.md"
"SA1309","Field names should not begin with underscore","NamingRules",True,Warning,True,"https://github.com/DotNetAnalyzers/StyleCopAnalyzers/blob/master/documentation/SA1309.md"
"SA1310","Field names should not contain underscore","NamingRules",True,Warning,True,"https://github.com/DotNetAnalyzers/StyleCopAnalyzers/blob/master/documentation/SA1310.md"
"SA1311","Static readonly fields should begin with upper-case letter","NamingRules",True,Warning,True,"https://github.com/DotNetAnalyzers/StyleCopAnalyzers/blob/master/documentation/SA1311.md"
"SA1312","Variable names should begin with lower-case letter","NamingRules",True,Warning,True,"https://github.com/DotNetAnalyzers/StyleCopAnalyzers/blob/master/documentation/SA1312.md"
"SA1313","Parameter names should begin with lower-case letter","NamingRules",True,Warning,True,"https://github.com/DotNetAnalyzers/StyleCopAnalyzers/blob/master/documentation/SA1313.md"
"SA1314","Type parameter names should begin with T","NamingRules",True,Warning,True,"https://github.com/DotNetAnalyzers/StyleCopAnalyzers/blob/master/documentation/SA1314.md"
"SA1316","Tuple element names should use correct casing","NamingRules",True,Warning,True,"https://github.com/DotNetAnalyzers/StyleCopAnalyzers/blob/master/documentation/SA1316.md"
"SA1400","Access modifier should be declared","MaintainabilityRules",True,Warning,True,"https://github.com/DotNetAnalyzers/StyleCopAnalyzers/blob/master/documentation/SA1400.md"
"SA1401","Fields should be private","MaintainabilityRules",True,Warning,False,"https://github.com/DotNetAnalyzers/StyleCopAnalyzers/blob/master/documentation/SA1401.md"
"SA1402","File may only contain a single type","MaintainabilityRules",True,Warning,True,"https://github.com/DotNetAnalyzers/StyleCopAnalyzers/blob/master/documentation/SA1402.md"
"SA1403","File may only contain a single namespace","MaintainabilityRules",True,Warning,False,"https://github.com/DotNetAnalyzers/StyleCopAnalyzers/blob/master/documentation/SA1403.md"
"SA1404","Code analysis suppression should have justification","MaintainabilityRules",True,Warning,True,"https://github.com/DotNetAnalyzers/StyleCopAnalyzers/blob/master/documentation/SA1404.md"
"SA1405","Debug.Assert should provide message text","MaintainabilityRules",True,Warning,False,"https://github.com/DotNetAnalyzers/StyleCopAnalyzers/blob/master/documentation/SA1405.md"
"SA1406","Debug.Fail should provide message text","MaintainabilityRules",True,Warning,False,"https://github.com/DotNetAnalyzers/StyleCopAnalyzers/blob/master/documentation/SA1406.md"
"SA1407","Arithmetic expressions should declare precedence","MaintainabilityRules",True,Warning,True,"https://github.com/DotNetAnalyzers/StyleCopAnalyzers/blob/master/documentation/SA1407.md"
"SA1408","Conditional expressions should declare precedence","MaintainabilityRules",True,Warning,True,"https://github.com/DotNetAnalyzers/StyleCopAnalyzers/blob/master/documentation/SA1408.md"
"SA1409","Remove unnecessary code","MaintainabilityRules",False,Warning,False,"https://github.com/DotNetAnalyzers/StyleCopAnalyzers/blob/master/documentation/SA1409.md"
"SA1410","Remove delegate parenthesis when possible","MaintainabilityRules",True,Warning,True,"https://github.com/DotNetAnalyzers/StyleCopAnalyzers/blob/master/documentation/SA1410.md"
"SA1411","Attribute constructor should not use unnecessary parenthesis","MaintainabilityRules",True,Warning,True,"https://github.com/DotNetAnalyzers/StyleCopAnalyzers/blob/master/documentation/SA1411.md"
"SA1412","Store files as UTF-8 with byte order mark","MaintainabilityRules",False,Warning,True,"https://github.com/DotNetAnalyzers/StyleCopAnalyzers/blob/master/documentation/SA1412.md"
"SA1413","Use trailing comma in multi-line initializers","MaintainabilityRules",True,Warning,True,"https://github.com/DotNetAnalyzers/StyleCopAnalyzers/blob/master/documentation/SA1413.md"
"SA1414","Tuple types in signatures should have element names","ReadabilityRules",True,Warning,False,"https://github.com/DotNetAnalyzers/StyleCopAnalyzers/blob/master/documentation/SA1414.md"
"SA1500","Braces for multi-line statements should not share line","LayoutRules",True,Warning,True,"https://github.com/DotNetAnalyzers/StyleCopAnalyzers/blob/master/documentation/SA1500.md"
"SA1501","Statement should not be on a single line","LayoutRules",True,Warning,True,"https://github.com/DotNetAnalyzers/StyleCopAnalyzers/blob/master/documentation/SA1501.md"
"SA1502","Element should not be on a single line","LayoutRules",True,Warning,True,"https://github.com/DotNetAnalyzers/StyleCopAnalyzers/blob/master/documentation/SA1502.md"
"SA1503","Braces should not be omitted","LayoutRules",True,Warning,True,"https://github.com/DotNetAnalyzers/StyleCopAnalyzers/blob/master/documentation/SA1503.md"
"SA1504","All accessors should be single-line or multi-line","LayoutRules",True,Warning,True,"https://github.com/DotNetAnalyzers/StyleCopAnalyzers/blob/master/documentation/SA1504.md"
"SA1505","Opening braces should not be followed by blank line","LayoutRules",True,Warning,True,"https://github.com/DotNetAnalyzers/StyleCopAnalyzers/blob/master/documentation/SA1505.md"
"SA1506","Element documentation headers should not be followed by blank line","LayoutRules",True,Warning,True,"https://github.com/DotNetAnalyzers/StyleCopAnalyzers/blob/master/documentation/SA1506.md"
"SA1507","Code should not contain multiple blank lines in a row","LayoutRules",True,Warning,True,"https://github.com/DotNetAnalyzers/StyleCopAnalyzers/blob/master/documentation/SA1507.md"
"SA1508","Closing braces should not be preceded by blank line","LayoutRules",True,Warning,True,"https://github.com/DotNetAnalyzers/StyleCopAnalyzers/blob/master/documentation/SA1508.md"
"SA1509","Opening braces should not be preceded by blank line","LayoutRules",True,Warning,True,"https://github.com/DotNetAnalyzers/StyleCopAnalyzers/blob/master/documentation/SA1509.md"
"SA1510","Chained statement blocks should not be preceded by blank line","LayoutRules",True,Warning,True,"https://github.com/DotNetAnalyzers/StyleCopAnalyzers/blob/master/documentation/SA1510.md"
"SA1511","While-do footer should not be preceded by blank line","LayoutRules",True,Warning,True,"https://github.com/DotNetAnalyzers/StyleCopAnalyzers/blob/master/documentation/SA1511.md"
"SA1512","Single-line comments should not be followed by blank line","LayoutRules",True,Warning,True,"https://github.com/DotNetAnalyzers/StyleCopAnalyzers/blob/master/documentation/SA1512.md"
"SA1513","Closing brace should be followed by blank line","LayoutRules",True,Warning,True,"https://github.com/DotNetAnalyzers/StyleCopAnalyzers/blob/master/documentation/SA1513.md"
"SA1514","Element documentation header should be preceded by blank line","LayoutRules",True,Warning,True,"https://github.com/DotNetAnalyzers/StyleCopAnalyzers/blob/master/documentation/SA1514.md"
"SA1515","Single-line comment should be preceded by blank line","LayoutRules",True,Warning,True,"https://github.com/DotNetAnalyzers/StyleCopAnalyzers/blob/master/documentation/SA1515.md"
"SA1516","Elements should be separated by blank line","LayoutRules",True,Warning,True,"https://github.com/DotNetAnalyzers/StyleCopAnalyzers/blob/master/documentation/SA1516.md"
"SA1517","Code should not contain blank lines at start of file","LayoutRules",True,Warning,True,"https://github.com/DotNetAnalyzers/StyleCopAnalyzers/blob/master/documentation/SA1517.md"
"SA1518","Use line endings correctly at end of file","LayoutRules",True,Warning,True,"https://github.com/DotNetAnalyzers/StyleCopAnalyzers/blob/master/documentation/SA1518.md"
"SA1519","Braces should not be omitted from multi-line child statement","LayoutRules",True,Warning,True,"https://github.com/DotNetAnalyzers/StyleCopAnalyzers/blob/master/documentation/SA1519.md"
"SA1520","Use braces consistently","LayoutRules",True,Warning,True,"https://github.com/DotNetAnalyzers/StyleCopAnalyzers/blob/master/documentation/SA1520.md"
"SA1600","Elements should be documented","DocumentationRules",True,Warning,True,"https://github.com/DotNetAnalyzers/StyleCopAnalyzers/blob/master/documentation/SA1600.md"
"SA1601","Partial elements should be documented","DocumentationRules",True,Warning,True,"https://github.com/DotNetAnalyzers/StyleCopAnalyzers/blob/master/documentation/SA1601.md"
"SA1602","Enumeration items should be documented","DocumentationRules",True,Warning,True,"https://github.com/DotNetAnalyzers/StyleCopAnalyzers/blob/master/documentation/SA1602.md"
"SA1603","Documentation should contain valid XML","DocumentationRules",False,Warning,False,"https://github.com/DotNetAnalyzers/StyleCopAnalyzers/blob/master/documentation/SA1603.md"
"SA1604","Element documentation should have summary","DocumentationRules",True,Warning,False,"https://github.com/DotNetAnalyzers/StyleCopAnalyzers/blob/master/documentation/SA1604.md"
"SA1605","Partial element documentation should have summary","DocumentationRules",True,Warning,False,"https://github.com/DotNetAnalyzers/StyleCopAnalyzers/blob/master/documentation/SA1605.md"
"SA1606","Element documentation should have summary text","DocumentationRules",True,Warning,False,"https://github.com/DotNetAnalyzers/StyleCopAnalyzers/blob/master/documentation/SA1606.md"
"SA1607","Partial element documentation should have summary text","DocumentationRules",True,Warning,False,"https://github.com/DotNetAnalyzers/StyleCopAnalyzers/blob/master/documentation/SA1607.md"
"SA1608","Element documentation should not have default summary","DocumentationRules",True,Warning,False,"https://github.com/DotNetAnalyzers/StyleCopAnalyzers/blob/master/documentation/SA1608.md"
"SA1609","Property documentation should have value","DocumentationRules",False,Warning,True,"https://github.com/DotNetAnalyzers/StyleCopAnalyzers/blob/master/documentation/SA1609.md"
"SA1610","Property documentation should have value text","DocumentationRules",True,Warning,True,"https://github.com/DotNetAnalyzers/StyleCopAnalyzers/blob/master/documentation/SA1610.md"
"SA1611","Element parameters should be documented","DocumentationRules",True,Warning,False,"https://github.com/DotNetAnalyzers/StyleCopAnalyzers/blob/master/documentation/SA1611.md"
"SA1612","Element parameter documentation should match element parameters","DocumentationRules",True,Warning,False,"https://github.com/DotNetAnalyzers/StyleCopAnalyzers/blob/master/documentation/SA1612.md"
"SA1613","Element parameter documentation should declare parameter name","DocumentationRules",True,Warning,False,"https://github.com/DotNetAnalyzers/StyleCopAnalyzers/blob/master/documentation/SA1613.md"
"SA1614","Element parameter documentation should have text","DocumentationRules",True,Warning,False,"https://github.com/DotNetAnalyzers/StyleCopAnalyzers/blob/master/documentation/SA1614.md"
"SA1615","Element return value should be documented","DocumentationRules",True,Warning,True,"https://github.com/DotNetAnalyzers/StyleCopAnalyzers/blob/master/documentation/SA1615.md"
"SA1616","Element return value documentation should have text","DocumentationRules",True,Warning,True,"https://github.com/DotNetAnalyzers/StyleCopAnalyzers/blob/master/documentation/SA1616.md"
"SA1617","Void return value should not be documented","DocumentationRules",True,Warning,True,"https://github.com/DotNetAnalyzers/StyleCopAnalyzers/blob/master/documentation/SA1617.md"
"SA1618","Generic type parameters should be documented","DocumentationRules",True,Warning,False,"https://github.com/DotNetAnalyzers/StyleCopAnalyzers/blob/master/documentation/SA1618.md"
"SA1619","Generic type parameters should be documented partial class","DocumentationRules",True,Warning,False,"https://github.com/DotNetAnalyzers/StyleCopAnalyzers/blob/master/documentation/SA1619.md"
"SA1620","Generic type parameter documentation should match type parameters","DocumentationRules",True,Warning,False,"https://github.com/DotNetAnalyzers/StyleCopAnalyzers/blob/master/documentation/SA1620.md"
"SA1621","Generic type parameter documentation should declare parameter name","DocumentationRules",True,Warning,False,"https://github.com/DotNetAnalyzers/StyleCopAnalyzers/blob/master/documentation/SA1621.md"
"SA1622","Generic type parameter documentation should have text","DocumentationRules",True,Warning,False,"https://github.com/DotNetAnalyzers/StyleCopAnalyzers/blob/master/documentation/SA1622.md"
"SA1623","Property summary documentation should match accessors","DocumentationRules",True,Warning,True,"https://github.com/DotNetAnalyzers/StyleCopAnalyzers/blob/master/documentation/SA1623.md"
"SA1624","Property summary documentation should omit accessor with restricted access","DocumentationRules",True,Warning,True,"https://github.com/DotNetAnalyzers/StyleCopAnalyzers/blob/master/documentation/SA1624.md"
"SA1625","Element documentation should not be copied and pasted","DocumentationRules",True,Warning,False,"https://github.com/DotNetAnalyzers/StyleCopAnalyzers/blob/master/documentation/SA1625.md"
"SA1626","Single-line comments should not use documentation style slashes","DocumentationRules",True,Warning,True,"https://github.com/DotNetAnalyzers/StyleCopAnalyzers/blob/master/documentation/SA1626.md"
"SA1627","Documentation text should not be empty","DocumentationRules",True,Warning,False,"https://github.com/DotNetAnalyzers/StyleCopAnalyzers/blob/master/documentation/SA1627.md"
"SA1628","Documentation text should begin with a capital letter","DocumentationRules",False,Warning,False,"https://github.com/DotNetAnalyzers/StyleCopAnalyzers/blob/master/documentation/SA1628.md"
"SA1629","Documentation text should end with a period","DocumentationRules",True,Warning,True,"https://github.com/DotNetAnalyzers/StyleCopAnalyzers/blob/master/documentation/SA1629.md"
"SA1630","Documentation text should contain whitespace","DocumentationRules",False,Warning,False,"https://github.com/DotNetAnalyzers/StyleCopAnalyzers/blob/master/documentation/SA1630.md"
"SA1631","Documentation should meet character percentage","DocumentationRules",False,Warning,False,"https://github.com/DotNetAnalyzers/StyleCopAnalyzers/blob/master/documentation/SA1631.md"
"SA1632","Documentation text should meet minimum character length","DocumentationRules",False,Warning,False,"https://github.com/DotNetAnalyzers/StyleCopAnalyzers/blob/master/documentation/SA1632.md"
"SA1633","File should have header","DocumentationRules",True,Warning,True,"https://github.com/DotNetAnalyzers/StyleCopAnalyzers/blob/master/documentation/SA1633.md"
"SA1634","File header should show copyright","DocumentationRules",True,Warning,True,"https://github.com/DotNetAnalyzers/StyleCopAnalyzers/blob/master/documentation/SA1634.md"
"SA1635","File header should have copyright text","DocumentationRules",True,Warning,True,"https://github.com/DotNetAnalyzers/StyleCopAnalyzers/blob/master/documentation/SA1635.md"
"SA1636","File header copyright text should match","DocumentationRules",True,Warning,True,"https://github.com/DotNetAnalyzers/StyleCopAnalyzers/blob/master/documentation/SA1636.md"
"SA1637","File header should contain file name","DocumentationRules",True,Warning,True,"https://github.com/DotNetAnalyzers/StyleCopAnalyzers/blob/master/documentation/SA1637.md"
"SA1638","File header file name documentation should match file name","DocumentationRules",True,Warning,True,"https://github.com/DotNetAnalyzers/StyleCopAnalyzers/blob/master/documentation/SA1638.md"
"SA1639","File header should have summary","DocumentationRules",False,Warning,True,"https://github.com/DotNetAnalyzers/StyleCopAnalyzers/blob/master/documentation/SA1639.md"
"SA1640","File header should have valid company text","DocumentationRules",True,Warning,True,"https://github.com/DotNetAnalyzers/StyleCopAnalyzers/blob/master/documentation/SA1640.md"
"SA1641","File header company name text should match","DocumentationRules",True,Warning,True,"https://github.com/DotNetAnalyzers/StyleCopAnalyzers/blob/master/documentation/SA1641.md"
"SA1642","Constructor summary documentation should begin with standard text","DocumentationRules",True,Warning,True,"https://github.com/DotNetAnalyzers/StyleCopAnalyzers/blob/master/documentation/SA1642.md"
"SA1643","Destructor summary documentation should begin with standard text","DocumentationRules",True,Warning,True,"https://github.com/DotNetAnalyzers/StyleCopAnalyzers/blob/master/documentation/SA1643.md"
"SA1644","Documentation headers should not contain blank lines","DocumentationRules",False,Warning,False,"https://github.com/DotNetAnalyzers/StyleCopAnalyzers/blob/master/documentation/SA1644.md"
"SA1645","Included documentation file does not exist","DocumentationRules",False,Warning,False,"https://github.com/DotNetAnalyzers/StyleCopAnalyzers/blob/master/documentation/SA1645.md"
"SA1646","Included documentation XPath does not exist","DocumentationRules",False,Warning,False,"https://github.com/DotNetAnalyzers/StyleCopAnalyzers/blob/master/documentation/SA1646.md"
"SA1647","Include node does not contain valid file and path","DocumentationRules",False,Warning,False,"https://github.com/DotNetAnalyzers/StyleCopAnalyzers/blob/master/documentation/SA1647.md"
"SA1648","inheritdoc should be used with inheriting class","DocumentationRules",True,Warning,False,"https://github.com/DotNetAnalyzers/StyleCopAnalyzers/blob/master/documentation/SA1648.md"
"SA1649","File name should match first type name","DocumentationRules",True,Warning,True,"https://github.com/DotNetAnalyzers/StyleCopAnalyzers/blob/master/documentation/SA1649.md"
"SA1650","Element documentation should be spelled correctly","DocumentationRules",False,Warning,False,"https://github.com/DotNetAnalyzers/StyleCopAnalyzers/blob/master/documentation/SA1650.md"
"SA1651","Do not use placeholder elements","DocumentationRules",True,Warning,True,"https://github.com/DotNetAnalyzers/StyleCopAnalyzers/blob/master/documentation/SA1651.md"
"SX1101","Do not prefix local calls with 'this.'","ReadabilityRules",False,Warning,True,"https://github.com/DotNetAnalyzers/StyleCopAnalyzers/blob/master/documentation/SX1101.md"
"SX1309","Field names should begin with underscore","NamingRules",False,Warning,True,"https://github.com/DotNetAnalyzers/StyleCopAnalyzers/blob/master/documentation/SX1309.md"
"SX1309S","Static field names should begin with underscore","NamingRules",False,Warning,True,"https://github.com/DotNetAnalyzers/StyleCopAnalyzers/blob/master/documentation/SX1309S.md"
