"File","Id","Setting"
"build\OpenTelemetry.prod.loose.ruleset","SA1000","warning"
"build\OpenTelemetry.prod.loose.ruleset","SA1001","warning"
"build\OpenTelemetry.prod.loose.ruleset","SA1002","warning"
"build\OpenTelemetry.prod.loose.ruleset","SA1003","warning"
"build\OpenTelemetry.prod.loose.ruleset","SA1004","warning"
"build\OpenTelemetry.prod.loose.ruleset","SA1005","warning"
"build\OpenTelemetry.prod.loose.ruleset","SA1006","warning"
"build\OpenTelemetry.prod.loose.ruleset","SA1007","warning"
"build\OpenTelemetry.prod.loose.ruleset","SA1008","warning"
"build\OpenTelemetry.prod.loose.ruleset","SA1009","warning"
"build\OpenTelemetry.prod.loose.ruleset","SA1010","warning"
"build\OpenTelemetry.prod.loose.ruleset","SA1011","warning"
"build\OpenTelemetry.prod.loose.ruleset","SA1012","warning"
"build\OpenTelemetry.prod.loose.ruleset","SA1013","warning"
"build\OpenTelemetry.prod.loose.ruleset","SA1014","warning"
"build\OpenTelemetry.prod.loose.ruleset","SA1015","warning"
"build\OpenTelemetry.prod.loose.ruleset","SA1016","warning"
"build\OpenTelemetry.prod.loose.ruleset","SA1017","warning"
"build\OpenTelemetry.prod.loose.ruleset","SA1018","warning"
"build\OpenTelemetry.prod.loose.ruleset","SA1019","warning"
"build\OpenTelemetry.prod.loose.ruleset","SA1020","warning"
"build\OpenTelemetry.prod.loose.ruleset","SA1021","warning"
"build\OpenTelemetry.prod.loose.ruleset","SA1022","warning"
"build\OpenTelemetry.prod.loose.ruleset","SA1023","warning"
"build\OpenTelemetry.prod.loose.ruleset","SA1024","warning"
"build\OpenTelemetry.prod.loose.ruleset","SA1025","warning"
"build\OpenTelemetry.prod.loose.ruleset","SA1026","warning"
"build\OpenTelemetry.prod.loose.ruleset","SA1027","warning"
"build\OpenTelemetry.prod.loose.ruleset","SA1028","none"
"build\OpenTelemetry.prod.loose.ruleset","SA1100","warning"
"build\OpenTelemetry.prod.loose.ruleset","SA1101","warning"
"build\OpenTelemetry.prod.loose.ruleset","SA1102","warning"
"build\OpenTelemetry.prod.loose.ruleset","SA1103","warning"
"build\OpenTelemetry.prod.loose.ruleset","SA1104","warning"
"build\OpenTelemetry.prod.loose.ruleset","SA1105","warning"
"build\OpenTelemetry.prod.loose.ruleset","SA1106","warning"
"build\OpenTelemetry.prod.loose.ruleset","SA1107","warning"
"build\OpenTelemetry.prod.loose.ruleset","SA1108","warning"
"build\OpenTelemetry.prod.loose.ruleset","SA1110","warning"
"build\OpenTelemetry.prod.loose.ruleset","SA1111","warning"
"build\OpenTelemetry.prod.loose.ruleset","SA1112","warning"
"build\OpenTelemetry.prod.loose.ruleset","SA1113","none"
"build\OpenTelemetry.prod.loose.ruleset","SA1114","none"
"build\OpenTelemetry.prod.loose.ruleset","SA1115","warning"
"build\OpenTelemetry.prod.loose.ruleset","SA1116","none"
"build\OpenTelemetry.prod.loose.ruleset","SA1117","none"
"build\OpenTelemetry.prod.loose.ruleset","SA1118","none"
"build\OpenTelemetry.prod.loose.ruleset","SA1119","warning"
"build\OpenTelemetry.prod.loose.ruleset","SA1120","warning"
"build\OpenTelemetry.prod.loose.ruleset","SA1121","none"
"build\OpenTelemetry.prod.loose.ruleset","SA1122","warning"
"build\OpenTelemetry.prod.loose.ruleset","SA1123","warning"
"build\OpenTelemetry.prod.loose.ruleset","SA1124","none"
"build\OpenTelemetry.prod.loose.ruleset","SA1125","warning"
"build\OpenTelemetry.prod.loose.ruleset","SA1127","none"
"build\OpenTelemetry.prod.loose.ruleset","SA1128","none"
"build\OpenTelemetry.prod.loose.ruleset","SA1129","none"
"build\OpenTelemetry.prod.loose.ruleset","SA1130","warning"
"build\OpenTelemetry.prod.loose.ruleset","SA1131","none"
"build\OpenTelemetry.prod.loose.ruleset","SA1132","none"
"build\OpenTelemetry.prod.loose.ruleset","SA1133","warning"
"build\OpenTelemetry.prod.loose.ruleset","SA1134","none"
"build\OpenTelemetry.prod.loose.ruleset","SA1200","none"
"build\OpenTelemetry.prod.loose.ruleset","SA1201","warning"
"build\OpenTelemetry.prod.loose.ruleset","SA1202","warning"
"build\OpenTelemetry.prod.loose.ruleset","SA1203","warning"
"build\OpenTelemetry.prod.loose.ruleset","SA1204","warning"
"build\OpenTelemetry.prod.loose.ruleset","SA1205","warning"
"build\OpenTelemetry.prod.loose.ruleset","SA1206","warning"
"build\OpenTelemetry.prod.loose.ruleset","SA1207","warning"
"build\OpenTelemetry.prod.loose.ruleset","SA1208","warning"
"build\OpenTelemetry.prod.loose.ruleset","SA1209","warning"
"build\OpenTelemetry.prod.loose.ruleset","SA1210","warning"
"build\OpenTelemetry.prod.loose.ruleset","SA1211","warning"
"build\OpenTelemetry.prod.loose.ruleset","SA1212","warning"
"build\OpenTelemetry.prod.loose.ruleset","SA1213","warning"
"build\OpenTelemetry.prod.loose.ruleset","SA1214","warning"
"build\OpenTelemetry.prod.loose.ruleset","SA1216","warning"
"build\OpenTelemetry.prod.loose.ruleset","SA1217","warning"
"build\OpenTelemetry.prod.loose.ruleset","SA1300","warning"
"build\OpenTelemetry.prod.loose.ruleset","SA1302","warning"
"build\OpenTelemetry.prod.loose.ruleset","SA1303","warning"
"build\OpenTelemetry.prod.loose.ruleset","SA1304","warning"
"build\OpenTelemetry.prod.loose.ruleset","SA1306","warning"
"build\OpenTelemetry.prod.loose.ruleset","SA1307","warning"
"build\OpenTelemetry.prod.loose.ruleset","SA1308","warning"
"build\OpenTelemetry.prod.loose.ruleset","SA1309","warning"
"build\OpenTelemetry.prod.loose.ruleset","SA1310","warning"
"build\OpenTelemetry.prod.loose.ruleset","SA1311","warning"
"build\OpenTelemetry.prod.loose.ruleset","SA1312","warning"
"build\OpenTelemetry.prod.loose.ruleset","SA1313","warning"
"build\OpenTelemetry.prod.loose.ruleset","SA1400","warning"
"build\OpenTelemetry.prod.loose.ruleset","SA1401","none"
"build\OpenTelemetry.prod.loose.ruleset","SA1402","warning"
"build\OpenTelemetry.prod.loose.ruleset","SA1403","warning"
"build\OpenTelemetry.prod.loose.ruleset","SA1404","warning"
"build\OpenTelemetry.prod.loose.ruleset","SA1405","warning"
"build\OpenTelemetry.prod.loose.ruleset","SA1406","warning"
"build\OpenTelemetry.prod.loose.ruleset","SA1407","warning"
"build\OpenTelemetry.prod.loose.ruleset","SA1408","warning"
"build\OpenTelemetry.prod.loose.ruleset","SA1410","warning"
"build\OpenTelemetry.prod.loose.ruleset","SA1411","warning"
"build\OpenTelemetry.prod.loose.ruleset","SA1500","warning"
"build\OpenTelemetry.prod.loose.ruleset","SA1501","warning"
"build\OpenTelemetry.prod.loose.ruleset","SA1502","warning"
"build\OpenTelemetry.prod.loose.ruleset","SA1503","warning"
"build\OpenTelemetry.prod.loose.ruleset","SA1504","warning"
"build\OpenTelemetry.prod.loose.ruleset","SA1505","warning"
"build\OpenTelemetry.prod.loose.ruleset","SA1506","warning"
"build\OpenTelemetry.prod.loose.ruleset","SA1507","warning"
"build\OpenTelemetry.prod.loose.ruleset","SA1508","warning"
"build\OpenTelemetry.prod.loose.ruleset","SA1509","warning"
"build\OpenTelemetry.prod.loose.ruleset","SA1510","warning"
"build\OpenTelemetry.prod.loose.ruleset","SA1511","warning"
"build\OpenTelemetry.prod.loose.ruleset","SA1512","none"
"build\OpenTelemetry.prod.loose.ruleset","SA1513","warning"
"build\OpenTelemetry.prod.loose.ruleset","SA1514","warning"
"build\OpenTelemetry.prod.loose.ruleset","SA1515","none"
"build\OpenTelemetry.prod.loose.ruleset","SA1516","warning"
"build\OpenTelemetry.prod.loose.ruleset","SA1517","warning"
"build\OpenTelemetry.prod.loose.ruleset","SA1518","none"
"build\OpenTelemetry.prod.loose.ruleset","SA1519","warning"
"build\OpenTelemetry.prod.loose.ruleset","SA1520","warning"
"build\OpenTelemetry.prod.loose.ruleset","SA1600","none"
"build\OpenTelemetry.prod.loose.ruleset","SA1601","warning"
"build\OpenTelemetry.prod.loose.ruleset","SA1602","warning"
"build\OpenTelemetry.prod.loose.ruleset","SA1604","warning"
"build\OpenTelemetry.prod.loose.ruleset","SA1605","warning"
"build\OpenTelemetry.prod.loose.ruleset","SA1606","warning"
"build\OpenTelemetry.prod.loose.ruleset","SA1607","warning"
"build\OpenTelemetry.prod.loose.ruleset","SA1608","warning"
"build\OpenTelemetry.prod.loose.ruleset","SA1610","warning"
"build\OpenTelemetry.prod.loose.ruleset","SA1611","warning"
"build\OpenTelemetry.prod.loose.ruleset","SA1612","warning"
"build\OpenTelemetry.prod.loose.ruleset","SA1613","warning"
"build\OpenTelemetry.prod.loose.ruleset","SA1614","warning"
"build\OpenTelemetry.prod.loose.ruleset","SA1615","none"
"build\OpenTelemetry.prod.loose.ruleset","SA1616","warning"
"build\OpenTelemetry.prod.loose.ruleset","SA1617","warning"
"build\OpenTelemetry.prod.loose.ruleset","SA1618","none"
"build\OpenTelemetry.prod.loose.ruleset","SA1619","warning"
"build\OpenTelemetry.prod.loose.ruleset","SA1620","warning"
"build\OpenTelemetry.prod.loose.ruleset","SA1621","warning"
"build\OpenTelemetry.prod.loose.ruleset","SA1622","warning"
"build\OpenTelemetry.prod.loose.ruleset","SA1623","warning"
"build\OpenTelemetry.prod.loose.ruleset","SA1624","warning"
"build\OpenTelemetry.prod.loose.ruleset","SA1625","warning"
"build\OpenTelemetry.prod.loose.ruleset","SA1626","warning"
"build\OpenTelemetry.prod.loose.ruleset","SA1627","warning"
"build\OpenTelemetry.prod.loose.ruleset","SA1633","error"
"build\OpenTelemetry.prod.loose.ruleset","SA1634","warning"
"build\OpenTelemetry.prod.loose.ruleset","SA1635","warning"
"build\OpenTelemetry.prod.loose.ruleset","SA1636","none"
"build\OpenTelemetry.prod.loose.ruleset","SA1637","warning"
"build\OpenTelemetry.prod.loose.ruleset","SA1638","warning"
"build\OpenTelemetry.prod.loose.ruleset","SA1640","warning"
"build\OpenTelemetry.prod.loose.ruleset","SA1641","warning"
"build\OpenTelemetry.prod.loose.ruleset","SA1642","none"
"build\OpenTelemetry.prod.loose.ruleset","SA1643","warning"
"build\OpenTelemetry.prod.loose.ruleset","SA1648","warning"
"build\OpenTelemetry.prod.loose.ruleset","SA1649","warning"
"build\OpenTelemetry.prod.loose.ruleset","SA1651","warning"
"build\OpenTelemetry.prod.loose.ruleset","SA1652","warning"
"build\OpenTelemetry.prod.ruleset","SA1200","none"
"build\OpenTelemetry.prod.ruleset","SA1401","none"
"build\OpenTelemetry.prod.ruleset","SA1512","none"
"build\OpenTelemetry.prod.ruleset","SA1518","none"
"build\OpenTelemetry.prod.ruleset","SA1600","none"
"build\OpenTelemetry.test.ruleset","SA0001","none"
"build\OpenTelemetry.test.ruleset","SA1200","none"
"build\OpenTelemetry.test.ruleset","SA1401","none"
"build\OpenTelemetry.test.ruleset","SA1512","none"
"build\OpenTelemetry.test.ruleset","SA1600","none"
"build\OpenTelemetry.test.ruleset","SA1601","none"
"build\OpenTelemetry.test.ruleset","SA1611","none"
"build\OpenTelemetry.test.ruleset","SA1615","none"
"build\OpenTelemetry.test.ruleset","SA1633","error"
"src\OpenTelemetry.Exporter.OpenTelemetryProtocol\Implementation\Serializer\.editorconfig","SA1310","none"
".editorconfig","SA1649","none"
