"Id","Diagnostics","Files"
"SA1101","4007","291"
"SA1600","3249","290"
"SA1309","486","160"
"SA1413","407","118"
"SA1116","375","90"
"SA1117","370","76"
"SA1412","325","325"
"SA1124","264","65"
"SA1107","243","43"
"SA1609","171","74"
"SA1201","89","68"
"SA1601","78","68"
"SA1202","71","58"
"SA1401","48","23"
"SA1512","46","24"
"SA1508","46","31"
"SA1516","44","15"
"SA1518","40","40"
"SA1402","34","30"
"SA1312","14","7"
"SA1602","10","2"
"SA1134","9","3"
"SA1009","8","1"
"SA1122","7","5"
"SA1025","4","3"
"SA1306","4","2"
"SA1137","4","1"
"SA1001","4","1"
"SA1204","2","2"
"SA1611","1","1"
"SA1305","1","1"
"SA1304","1","1"
"SA1008","1","1"
"SA1003","1","1"
"SA1615","1","1"
"SX1309S","1","1"
