"Id","Before","After","Verdict"
"SA1000","2","0","fixed"
"SA1001","4","0","fixed"
"SA1002","2","0","fixed"
"SA1003","4","0","fixed"
"SA1005","2","2","not-fixed"
"SA1007","2","0","fixed"
"SA1008","2","0","fixed"
"SA1009","2","0","fixed"
"SA1010","2","0","fixed"
"SA1011","2","0","fixed"
"SA1012","2","0","fixed"
"SA1013","2","0","fixed"
"SA1014","2","0","fixed"
"SA1015","2","0","fixed"
"SA1016","2","0","fixed"
"SA1017","2","0","fixed"
"SA1018","2","0","fixed"
"SA1019","4","0","fixed"
"SA1020","2","0","fixed"
"SA1021","2","0","fixed"
"SA1022","2","0","fixed"
"SA1024","4","0","fixed"
"SA1025","2","0","fixed"
"SA1026","2","0","fixed"
"SA1027","2","0","fixed"
"SA1028","2","0","fixed"
"SA1101","2","0","fixed"
"SA1106","2","2","not-fixed"
"SA1107","2","0","fixed"
"SA1116","2","2","not-fixed"
"SA1117","2","2","not-fixed"
"SA1119","2","0","fixed"
"SA1121","2","0","fixed"
"SA1122","2","2","not-fixed"
"SA1128","2","2","not-fixed"
"SA1129","2","2","not-fixed"
"SA1131","2","2","not-fixed"
"SA1133","2","2","not-fixed"
"SA1134","2","0","fixed"
"SA1137","2","0","fixed"
"SA1200","2","0","fixed"
"SA1208","2","0","fixed"
"SA1210","2","0","fixed"
"SA1211","2","0","fixed"
"SA1300","2","2","not-fixed"
"SA1302","2","2","not-fixed"
"SA1303","2","2","not-fixed"
"SA1306","2","2","not-fixed"
"SA1309","2","2","not-fixed"
"SA1311","2","2","not-fixed"
"SA1312","2","2","not-fixed"
"SA1313","2","2","not-fixed"
"SA1314","2","2","not-fixed"
"SA1400","4","0","fixed"
"SA1407","2","2","not-fixed"
"SA1408","2","0","fixed"
"SA1413","2","2","not-fixed"
"SA1500","2","0","fixed"
"SA1501","2","0","fixed"
"SA1502","2","0","fixed"
"SA1503","2","0","fixed"
"SA1505","2","2","not-fixed"
"SA1507","2","0","fixed"
"SA1508","2","0","fixed"
"SA1509","2","2","not-fixed"
"SA1510","2","2","not-fixed"
"SA1512","2","2","not-fixed"
"SA1513","2","0","fixed"
"SA1515","2","2","not-fixed"
"SA1516","2","2","not-fixed"
"SA1517","2","0","fixed"
"SA1518","2","2","not-fixed"
"SA1519","2","0","fixed"
"SA1520","2","0","fixed"
"SA1633","2","0","fixed"
